{
    "SamplingFrequency": 10.0,
    "StartTime": 0.0,
    "Columns": [
        "EGG1",
        "EGG2",
        "EGG3",
        "EGG4",
        "EGG5",
        "EGG6",
        "EGG7",
        "EGG8",
        "trigger"
    ],
    "TR": 1.856,
    "Source": "semi_precision",
    "Session": "0008",
    "TriggerTimesSeconds": [
        0.0,
        1.856,
        3.712,
        5.568,
        7.424,
        9.28,
        11.136,
        12.992,
        14.848,
        16.704,
        18.559999,
        20.416,
        22.271999,
        24.128,
        25.983999,
        27.84,
        29.695999,
        31.552,
        33.408001,
        35.264,
        37.119999,
        38.976002,
        40.832001,
        42.688,
        44.543999,
        46.400002,
        48.256001,
        50.112,
        51.967999,
        53.824001,
        55.68,
        57.535999,
        59.391998,
        61.248001,
        63.104,
        64.959999,
        66.816002,
        68.671997,
        70.528,
        72.384003,
        74.239998,
        76.096001,
        77.952003,
        79.807999,
        81.664001,
        83.519997,
        85.375999,
        87.232002,
        89.087997,
        90.944,
        92.800003,
        94.655998,
        96.512001,
        98.367996,
        100.223999,
        102.080002,
        103.935997,
        105.792,
        107.648003,
        109.503998,
        111.360001,
        113.216003,
        115.071999,
        116.928001,
        118.783997,
        120.639999,
        122.496002,
        124.351997,
        126.208,
        128.063995,
        129.919998,
        131.776001,
        133.632004,
        135.488007,
        137.343994,
        139.199997,
        141.056,
        142.912003,
        144.768005,
        146.623993,
        148.479996,
        150.335999,
        152.192001,
        154.048004,
        155.904007,
        157.759995,
        159.615997,
        161.472,
        163.328003,
        165.184006,
        167.039993,
        168.895996,
        170.751999,
        172.608002,
        174.464005,
        176.320007,
        178.175995,
        180.031998,
        181.888,
        183.744003,
        185.600006,
        187.455994,
        189.311996,
        191.167999,
        193.024002,
        194.880005,
        196.735992,
        198.591995,
        200.447998,
        202.304001,
        204.160004,
        206.016006,
        207.871994,
        209.727997,
        211.584,
        213.440002,
        215.296005,
        217.151993,
        219.007996,
        220.863998,
        222.720001,
        224.576004,
        226.432007,
        228.287994,
        230.143997,
        232.0,
        233.856003,
        235.712006,
        237.567993,
        239.423996,
        241.279999,
        243.136002,
        244.992004,
        246.848007,
        248.703995,
        250.559998,
        252.416,
        254.272003,
        256.127991,
        257.984009,
        259.839996,
        261.696014,
        263.552002,
        265.40799,
        267.264008,
        269.119995,
        270.976013,
        272.832001,
        274.687988,
        276.544006,
        278.399994,
        280.256012,
        282.112,
        283.967987,
        285.824005,
        287.679993,
        289.536011,
        291.391998,
        293.247986,
        295.104004,
        296.959991,
        298.81601,
        300.671997,
        302.528015,
        304.384003,
        306.23999,
        308.096008,
        309.951996,
        311.808014,
        313.664001,
        315.519989,
        317.376007,
        319.231995,
        321.088013,
        322.944,
        324.799988,
        326.656006,
        328.511993,
        330.368011,
        332.223999,
        334.079987,
        335.936005,
        337.791992,
        339.64801,
        341.503998,
        343.359985,
        345.216003,
        347.071991,
        348.928009,
        350.783997,
        352.640015,
        354.496002,
        356.35199,
        358.208008,
        360.063995,
        361.920013,
        363.776001,
        365.631989,
        367.488007,
        369.343994,
        371.200012,
        373.056,
        374.911987,
        376.768005,
        378.623993,
        380.480011,
        382.335999,
        384.191986,
        386.048004,
        387.903992,
        389.76001,
        391.615997,
        393.471985,
        395.328003,
        397.18399,
        399.040009,
        400.895996,
        402.752014,
        404.608002,
        406.463989,
        408.320007,
        410.175995,
        412.032013,
        413.888,
        415.743988,
        417.600006,
        419.455994,
        421.312012,
        423.167999,
        425.023987,
        426.880005,
        428.735992,
        430.59201,
        432.447998,
        434.303986,
        436.160004,
        438.015991,
        439.872009,
        441.727997,
        443.584015,
        445.440002,
        447.29599,
        449.152008,
        451.007996,
        452.864014,
        454.720001,
        456.575989,
        458.432007,
        460.287994,
        462.144012,
        464.0,
        465.855988,
        467.712006,
        469.567993,
        471.424011,
        473.279999,
        475.135986,
        476.992004,
        478.847992,
        480.70401,
        482.559998,
        484.415985,
        486.272003,
        488.127991,
        489.984009,
        491.839996,
        493.696014,
        495.552002,
        497.40799,
        499.264008,
        501.119995,
        502.976013,
        504.832001,
        506.687988,
        508.544006,
        510.399994,
        512.255981,
        514.112,
        515.968018,
        517.823975,
        519.679993,
        521.536011,
        523.392029,
        525.247986,
        527.104004,
        528.960022,
        530.815979,
        532.671997,
        534.528015,
        536.383972,
        538.23999,
        540.096008,
        541.952026,
        543.807983,
        545.664001,
        547.52002,
        549.375977,
        551.231995,
        553.088013,
        554.94397,
        556.799988,
        558.656006,
        560.512024,
        562.367981,
        564.223999,
        566.080017,
        567.935974,
        569.791992,
        571.64801,
        573.504028,
        575.359985,
        577.216003,
        579.072021,
        580.927979,
        582.783997,
        584.640015,
        586.495972,
        588.35199,
        590.208008,
        592.064026,
        593.919983,
        595.776001,
        597.632019,
        599.487976,
        601.343994,
        603.200012,
        605.05603,
        606.911987,
        608.768005,
        610.624023,
        612.47998,
        614.335999,
        616.192017,
        618.047974,
        619.903992,
        621.76001,
        623.616028,
        625.471985,
        627.328003,
        629.184021,
        631.039978,
        632.895996,
        634.752014,
        636.607971,
        638.463989,
        640.320007,
        642.176025,
        644.031982,
        645.888,
        647.744019,
        649.599976,
        651.455994,
        653.312012,
        655.16803,
        657.023987,
        658.880005,
        660.736023,
        662.59198,
        664.447998,
        666.304016,
        668.159973,
        670.015991,
        671.872009,
        673.728027,
        675.583984,
        677.440002,
        679.296021,
        681.151978,
        683.007996,
        684.864014,
        686.719971,
        688.575989,
        690.432007,
        692.288025,
        694.143982,
        696.0,
        697.856018,
        699.711975,
        701.567993,
        703.424011,
        705.280029,
        707.135986,
        708.992004,
        710.848022,
        712.703979,
        714.559998,
        716.416016,
        718.271973,
        720.127991,
        721.984009,
        723.840027,
        725.695984,
        727.552002,
